clinic_id,clinic_name,address,timings
10000,Riverbend Clinic,"96 Roth Hill, Salt Lake City, Utah, 84145",8am-5pm
10001,Cedarwood Medical Center,"9125 Daystar Alley, Salt Lake City, Utah",8am-5pm
10002,Blossom Clinic,"862 Glacier Hill Way, Salt Lake City, Utah, 84140",8am-5pm
10003,Harmony Medical Center,"937 Carberry Center, Salt Lake City, Utah, 84135",8am-5pm
10004,Harmony Medical Center,"74307 Johnson Pass, Salt Lake City, Utah, 84145",8am-5pm
10005,Harmony Medical Center,"80 Buena Vista Park, Salt Lake City, Utah, 84152",8am-5pm
10006,Cedarwood Medical Center,"69434 Ludington Junction, Salt Lake City, Utah, 84130",8am-5pm
10007,Rosewood Health Center,"17 Fremont Terrace, Salt Lake City, Utah, 84125",8am-5pm
10008,Oakridge Health Center,"0158 Bartelt Park, Salt Lake City, Utah, 84170",8am-5pm
10009,Serenity Medical Center,"0 Tony Trail, Salt Lake City, Utah, 84140",8am-5pm
10010,Pineview Medical Center,"91 Talmadge Crossing, Salt Lake City, Utah, 84409",8am-5pm
10011,Willow Creek Health Center,"9 Erie Parkway, Salt Lake City, Utah, 84130",8am-5pm
10012,Tranquil Clinic,"19452 Chinook Trail, Salt Lake City, Utah, 84605",8am-5pm
10013,Magnolia Health Center,"57791 Beilfuss Way, Salt Lake City, Utah, 84130",8am-5pm
10014,Whispering Pines Health Center,"3130 Hayes Court, Salt Lake City, Utah, 84125",8am-5pm
10015,Golden Gate Clinic,"31205 Village Drive, Salt Lake City, Utah, 84605",8am-5pm
10016,Blossom Clinic,"689 Evergreen Parkway, Salt Lake City, Utah, 84152",8am-5pm
10017,Serenity Medical Center,"3032 Kings Court, Salt Lake City, Utah, 84120",8am-5pm
10018,Riverbend Clinic,"786 Hoffman Road, Salt Lake City, Utah, 84605",8am-5pm
10019,Tranquil Clinic,"83193 Pawling Point, Salt Lake City, Utah, 84605",8am-5pm
10020,Silver Clinic,"84129 Taylorsville, Salt Lake City, Utah, 84605",8am-5pm
