doctor_id,first_name,last_name,gender,age,speciality,date,number_of_appointments,Working Hours,clinic_id
1,Aldis,Armfield,Male,60,Hematology,03-04-2024,9,8,10000
2,Adolph,McKintosh,Male,61,Hematology,12/27/2023,8,8,10001
3,Ninon,Colgan,Genderqueer,60,Dermatology,5/17/2024,16,8,10002
4,Simeon,Guislin,Male,48,Neurology,08-10-2024,15,8,10003
5,Aurelia,Ghidoni,Female,48,Neurology,11/23/2023,13,8,10004
6,Gunner,Aristide,Male,41,Oncology,11-11-2023,11,8,10005
7,Tamas,Dumphy,Male,67,Neurology,12-04-2023,16,8,10006
8,Matilde,Puckey,Female,61,Psychiatry,12-06-2023,12,8,10007
9,Leodora,Boswood,Female,64,Surgery,1/23/2024,7,8,10008
10,Olivette,Tinkham,Female,69,Cardiology,2/25/2024,9,8,10009
11,Gwenette,Pinch,Female,30,Gastroenterology,3/23/3024,16,8,10010
12,Guss,Sandry,Male,47,Endocrinology,04-05-2024,9,8,10011
13,Bordy,Macvey,Male,29,Endocrinology,12-11-2023,9,8,10012
14,Reiko,Rollinson,Female,60,Endocrinology,06-06-2024,16,8,10013
15,Clarance,Davidovitz,Male,46,Cardiology,07-08-2024,10,8,10014
16,Joyous,Chese,Female,32,Cardiology,09-08-2024,13,8,10015
17,Moyra,Jonah,Female,66,Dermatology,11/15/2024,14,8,10016
18,Johnnie,Moggle,Male,39,Surgery,08-02-2024,16,8,10017
19,Eward,Kilbourne,Male,28,Pediatrics,11/23/2023,16,8,10018
20,Griffith,Brok,Genderqueer,30,Oncology,4/14/2024,15,8,10019
