patient_id,first_name,last_name,gender,age
100,Darrick,Dudding,Male,61
101,Reina,Scattergood,Female,106
102,Silvio,Dries,Male,16
103,Everett,O'Feeny,Male,5
104,Sherlocke,Bedder,Male,90
105,Wyndham,Halleday,Male,21
106,Dalton,Sutcliffe,Polygender,29
107,Raynor,Makeswell,Male,31
108,Davine,Agge,Female,120
109,Alvinia,Whitley,Female,54
110,Dukey,Menel,Male,99
111,Godart,Airds,Male,53
112,Benjy,Stowgill,Bigender,99
113,Chev,Pattlel,Male,85
114,Chrissie,Scarce,Male,16
115,Dag,Stoffels,Male,67
116,Fitz,Maccrae,Male,41
117,Sergent,Scurrell,Male,99
118,Theresina,Stidson,Female,86
119,Matteo,Coatts,Male,51
